,HOIP_entry_ID,Khazana_ID,Organic_cation_source,Label,Material_class,Geometry_class,Organic_cation_chemical_formula,Number_of_atom_types,Total_number_of_atoms,Atom_types,Number_of_each_atom,Bandgap_HSE06_eV,Bandgap_GGA_eV,Kpoint_for_VBM,Kpoint_for_CBM,Dielectric_constant_electronic,Dielectric_constant_ionic,Dielectric_constant_total,Refractive_index,Atomization_energy_eVatom,Relative_energy1_eVatom,Relative_energy2_eVatom,Volume_of_the_unit_cell_A3,Density_gcm3,Tool,Pseudopotential,Note,Created_by,structure,name
0,1,1851,"B.Saparov et al., Chem. Rev. 116, 4558 (2016)",Ethylammonium Germanium Fluoride,Hybrid organic-inorganic perovskite ( MC_ino ),Bulk crystalline materials ( GC_cry ),CH3CH2NH3,5,15,C H N  Ge F,2 8 1  1 3,5.9448,4.7308,"0.5, 0.5, 0.5","0.5, 0.5, 0.5",2.7968,2.6005,5.3973,1.6724,-4.7512,-0.2279,0.3767,113.76,2.5647,VASP,PAW,"ENCUT=400eV, k-spacing_relax=0.20/Angstrom, k-spacing_bandgap=0.15/Angstrom","C.Kim, T.D.Huan, S.Krishnan, R. Ramprasad","{'@module': 'pymatgen.core.structure', '@class': 'Structure', 'charge': None, 'lattice': {'matrix': [[4.740631787916993, -0.0, -0.34641809190574036], [0.7738928273627947, -4.704818159420565, -1.3917575427266338], [-0.0, -0.0, -5.10069400556]], 'a': 4.75327205649, 'b': 4.96701249034, 'c': 5.10069400556, 'alpha': 73.72785058230001, 'beta': 85.8205827158, 'gamma': 79.874019302, 'volume': 113.76491263539516}, 'sites': [{'species': [{'element': 'Ge', 'occu': 1.0}], 'abc': [0.9935582702766939, 0.963869176810071, 0.11581544620855799], 'xyz': [5.456025361670913, -4.534829206361773, -2.2763979094407962], 'label': 'Ge', 'properties': {}}, {'species': [{'element': 'H', 'occu': 1.0}], 'abc': [0.845913598953331, 0.504756005093881, 0.821766013518172], 'xyz': [4.40079194893988, -2.3747852188422702, -5.187114731317581], 'label': 'H', 'properties': {}}, {'species': [{'element': 'H', 'occu': 1.0}], 'abc': [0.558033375769234, 0.756248523579941, 0.886294959114316], 'xyz': [3.2306860679924783, -3.5580117867738976, -5.7665468292343975], 'label': 'H', 'properties': {}}, {'species': [{'element': 'H', 'occu': 1.0}], 'abc': [0.5616722541539969, 0.49437898548055204, 0.290102990078587], 'xyz': [3.045277693295724, -2.325963228524817, -2.3623556950574036], 'label': 'H', 'properties': {}}, {'species': [{'element': 'H', 'occu': 1.0}], 'abc': [0.412926322972105, 0.20708566302477704, 0.43229620829774296], 'xyz': [2.1177937620137834, -0.9743003879546189, -2.636268860697544], 'label': 'H', 'properties': {}}, {'species': [{'element': 'H', 'occu': 1.0}], 'abc': [0.6983512019481, 0.78857694409399, 0.553419193329219], 'xyz': [3.9208999479432123, -3.7101111266737803, -4.162251362798269], 'label': 'H', 'properties': {}}, {'species': [{'element': 'H', 'occu': 1.0}], 'abc': [0.407496530408615, 0.292129789145086, 0.872224209078965], 'xyz': [2.1578681539993516, -1.3744175368775013, -4.996686802773565], 'label': 'H', 'properties': {}}, {'species': [{'element': 'H', 'occu': 1.0}], 'abc': [0.22995135725868499, 0.593856640147301, 0.634606617216903], 'xyz': [1.5496961081869436, -2.7939875046575056, -4.143097936962958], 'label': 'H', 'properties': {}}, {'species': [{'element': 'H', 'occu': 1.0}], 'abc': [0.7484321717679949, 0.221158663397112, 0.512988361315351], 'xyz': [3.719194447895275, -1.0405112956639126, -3.183666342270268], 'label': 'H', 'properties': {}}, {'species': [{'element': 'C', 'occu': 1.0}], 'abc': [0.435195692510888, 0.46562901624987796, 0.694303564426654], 'xyz': [2.4234494897694394, -2.1906998512055593, -4.340232385993344], 'label': 'C', 'properties': {}}, {'species': [{'element': 'C', 'occu': 1.0}], 'abc': [0.6478943660150879, 0.637899841884455, 0.742377952666075], 'xyz': [3.565094738953693, -3.001202759989491, -4.898887019501998], 'label': 'C', 'properties': {}}, {'species': [{'element': 'N', 'occu': 1.0}], 'abc': [0.546561426093874, 0.33533562844500897, 0.46601131725575595], 'xyz': [2.850560308202651, -1.5776931542087855, -3.0330257890195913], 'label': 'N', 'properties': {}}, {'species': [{'element': 'F', 'occu': 1.0}], 'abc': [0.38993626707822, 0.941178048140628, 0.19644783656044496], 'xyz': [2.576915203700047, -4.42807157214003, -2.446992927503626], 'label': 'F', 'properties': {}}, {'species': [{'element': 'F', 'occu': 1.0}], 'abc': [0.05314177752729401, 0.5583510664983109, 0.18746943592928], 'xyz': [0.6840294853257125, -2.6269402369930925, -1.751722809530162], 'label': 'F', 'properties': {}}, {'species': [{'element': 'F', 'occu': 1.0}], 'abc': [0.065645387265846, 0.030956008009006886, 0.722855895003953], 'xyz': [0.33515724216454656, -0.14564238862394405, -3.752890737968661], 'label': 'F', 'properties': {}}]}",Ge1 H8 C2 N1 F3
1,2,1852,"B.Saparov et al., Chem. Rev. 116, 4558 (2016)",Ethylammonium Germanium Fluoride,Hybrid organic-inorganic perovskite ( MC_ino ),Bulk crystalline materials ( GC_cry ),CH3CH2NH3,5,15,C H N  Ge F,2 8 1  1 3,5.3704,4.1048,"0.5, 0.5, 0.5","0.5, 0.5, 0.5",2.8753,2.7377,5.613,1.6957,-4.7495,-0.2262,0.3784,113.87,2.5622,VASP,PAW,"ENCUT=400eV, k-spacing_relax=0.20/Angstrom, k-spacing_bandgap=0.15/Angstrom","C.Kim, T.D.Huan, S.Krishnan, R. Ramprasad","{'@module': 'pymatgen.core.structure', '@class': 'Structure', 'charge': None, 'lattice': {'matrix': [[-0.5153922672666341, -4.559146633795977, -0.7663482434964922], [-4.845301637976064, 0.0, -1.7424403880952428], [0.0, 0.0, -5.15492200371]], 'a': 4.651745569989999, 'b': 5.149082099659999, 'c': 5.15492200371, 'alpha': 70.22068298640002, 'beta': 80.5176233861, 'gamma': 80.7926386196, 'volume': 113.8744985912464}, 'sites': [{'species': [{'element': 'Ge', 'occu': 1.0}], 'abc': [0.790244928257359, 0.86694019872273, 0.15843045010772316], 'xyz': [-4.607872890169057, -3.6028425045388817, -2.932891042337821], 'label': 'Ge', 'properties': {}}, {'species': [{'element': 'H', 'occu': 1.0}], 'abc': [0.540408420385489, 0.3387654288989519, 0.9526356186362791], 'xyz': [-1.919943008566213, -2.4638012306755033, -5.915181921163118], 'label': 'H', 'properties': {}}, {'species': [{'element': 'H', 'occu': 1.0}], 'abc': [0.31722909971675495, 0.65046970120639, 0.929852710706513], 'xyz': [-3.315219333655094, -1.4462939821157716, -6.169830840598561], 'label': 'H', 'properties': {}}, {'species': [{'element': 'H', 'occu': 1.0}], 'abc': [0.476592740444872, 0.3339328792326911, 0.37816584102650797], 'xyz': [-1.8636377397809225, -2.172856188290838, -2.896509560150123], 'label': 'H', 'properties': {}}, {'species': [{'element': 'H', 'occu': 1.0}], 'abc': [0.161527609756419, 0.18476190576866014, 0.447697579731397], 'xyz': [-0.9784772456749891, -0.7364280582860878, -2.75356911157087], 'label': 'H', 'properties': {}}, {'species': [{'element': 'H', 'occu': 1.0}], 'abc': [0.5784488893174989, 0.6217011933687571, 0.650740766498153], 'xyz': [-3.3104578951245243, -2.6372333065548967, -4.881088454866135], 'label': 'H', 'properties': {}}, {'species': [{'element': 'H', 'occu': 1.0}], 'abc': [0.03520918427143693, 0.3103703972126939, 0.8671116771484361], 'xyz': [-1.521984735304212, -0.16052383394982395, -5.037677476100276], 'label': 'H', 'properties': {}}, {'species': [{'element': 'H', 'occu': 1.0}], 'abc': [0.06854213904359296, 0.6012346052912181, 0.566591870519886], 'xyz': [-2.9484891062704137, -0.31249366249377264, -4.0208795073076375], 'label': 'H', 'properties': {}}, {'species': [{'element': 'H', 'occu': 1.0}], 'abc': [0.431776588328439, 0.05968629173492679, 0.653594405254488], 'xyz': [-0.5117324019192043, -1.968532779229514, -3.80411921653109], 'label': 'H', 'properties': {}}, {'species': [{'element': 'C', 'occu': 1.0}], 'abc': [0.187697021753237, 0.4229197792992989, 0.7012844326491889], 'xyz': [-2.145911492971964, -0.8557382448998007, -4.4958203400281285], 'label': 'C', 'properties': {}}, {'species': [{'element': 'C', 'occu': 1.0}], 'abc': [0.41944071622563694, 0.5129192116485659, 0.813585670748566], 'xyz': [-2.70142479806966, -1.9122917294570863, -5.4091394823818035], 'label': 'C', 'properties': {}}, {'species': [{'element': 'N', 'occu': 1.0}], 'abc': [0.3206095576947019, 0.23611274433294194, 0.5321851062667311], 'xyz': [-1.3092771537110524, -1.4617059857266173, -3.400483667598363], 'label': 'N', 'properties': {}}, {'species': [{'element': 'F', 'occu': 1.0}], 'abc': [0.828849613523971, 0.46691332414444997, 0.23246037965628097], 'xyz': [-2.689518575807145, -3.778846925420909, -2.6470712052568803], 'label': 'F', 'properties': {}}, {'species': [{'element': 'F', 'occu': 1.0}], 'abc': [0.364132437929257, 0.890287114269974, 0.18133975625615806], 'xyz': [-4.501380655810975, -1.6601331786410944, -2.7651167787842263], 'label': 'F', 'properties': {}}, {'species': [{'element': 'F', 'occu': 1.0}], 'abc': [0.829491053351276, 0.939515224867691, 0.762603734793622], 'xyz': [-4.979747932618976, -3.781771343650349, -6.203891057370722], 'label': 'F', 'properties': {}}]}",Ge1 H8 C2 N1 F3
2,3,1853,"B.Saparov et al., Chem. Rev. 116, 4558 (2016)",Ethylammonium Germanium Fluoride,Hybrid organic-inorganic perovskite ( MC_ino ),Bulk crystalline materials ( GC_cry ),CH3CH2NH3,5,15,C H N  Ge F,2 8 1  1 3,5.8916,4.5915,"0.5, 0.5, 0.5","0, 0, 0.4",2.7387,3.3725,6.1112,1.6549,-4.7382,-0.2149,0.3897,118.14,2.4696,VASP,PAW,"ENCUT=400eV, k-spacing_relax=0.20/Angstrom, k-spacing_bandgap=0.15/Angstrom","C.Kim, T.D.Huan, S.Krishnan, R. Ramprasad","{'@module': 'pymatgen.core.structure', '@class': 'Structure', 'charge': None, 'lattice': {'matrix': [[0.4276828557273751, -3.7261885910177592, 0.2494950630767283], [-4.233149772657471, -0.0, 0.5705759432877832], [-0.0, -0.0, -7.49001455369]], 'a': 3.7589415834, 'b': 4.27142996019, 'c': 7.49001455369, 'alpha': 97.6764935709, 'beta': 93.8057338014, 'gamma': 95.96331204630002, 'volume': 118.14385232106183}, 'sites': [{'species': [{'element': 'Ge', 'occu': 1.0}], 'abc': [0.230597411531832, 0.935055191049273, 0.071086980087117], 'xyz': [-3.859606109925144, -0.8592494439681394, 0.05861039796416434], 'label': 'Ge', 'properties': {}}, {'species': [{'element': 'H', 'occu': 1.0}], 'abc': [0.664513903409322, 0.3787073293274831, 0.37322457323039493], 'xyz': [-1.3189236411657093, -2.476104125456493, -2.4135832553828998], 'label': 'H', 'properties': {}}, {'species': [{'element': 'H', 'occu': 1.0}], 'abc': [0.27110501701131495, 0.553334176182545, 0.32770948819207], 'xyz': [-2.226399474233332, -1.0101884213552372, -2.0711903030925263], 'label': 'H', 'properties': {}}, {'species': [{'element': 'H', 'occu': 1.0}], 'abc': [0.6484846067531371, 0.17203180511477711, 0.744814229265209], 'xyz': [-0.45089064820004765, -2.416375943134178, -5.31871849964679], 'label': 'H', 'properties': {}}, {'species': [{'element': 'H', 'occu': 1.0}], 'abc': [0.33053476360645795, 0.34709639526928304, 0.850329529876902], 'xyz': [-1.3279469751080106, -1.2316348650851356, -6.088468909372767], 'label': 'H', 'properties': {}}, {'species': [{'element': 'H', 'occu': 1.0}], 'abc': [0.06107235224430996, 0.5143234697259371, 0.6149340222259099], 'xyz': [-2.151088680928918, -0.2275671021593656, -4.297166926761834], 'label': 'H', 'properties': {}}, {'species': [{'element': 'H', 'occu': 1.0}], 'abc': [0.6056135004324541, 0.75636837047918, 0.489973099020496], 'xyz': [-2.942810084207239, -2.2566301158777393, -3.0872424676303916], 'label': 'H', 'properties': {}}, {'species': [{'element': 'H', 'occu': 1.0}], 'abc': [0.148817087321632, 0.12788209987367316, 0.5245890443482609], 'xyz': [-0.47769756512045386, -0.5545205329263588, -3.819083998521554], 'label': 'H', 'properties': {}}, {'species': [{'element': 'H', 'occu': 1.0}], 'abc': [0.668218084657511, 0.568285037026534, 0.7815061468386939], 'xyz': [-2.119850256598514, -2.4899066033625568, -5.362525529381628], 'label': 'H', 'properties': {}}, {'species': [{'element': 'C', 'occu': 1.0}], 'abc': [0.268497681685268, 0.36882627431538106, 0.5746934708755589], 'xyz': [-1.4464650040089224, -1.0004729982103635, -4.027030215363718], 'label': 'C', 'properties': {}}, {'species': [{'element': 'C', 'occu': 1.0}], 'abc': [0.46970926883960107, 0.5220776139898651, 0.43398243458992203], 'xyz': [-2.0091461315118146, -1.750225318645415, -2.835459680395772], 'label': 'C', 'properties': {}}, {'species': [{'element': 'N', 'occu': 1.0}], 'abc': [0.495424861327741, 0.35981300844351005, 0.746692273619168], 'xyz': [-1.3112576354008583, -1.8460464659859839, -5.263829292808829], 'label': 'N', 'properties': {}}, {'species': [{'element': 'F', 'occu': 1.0}], 'abc': [0.06376740201819997, 0.4694775986051881, 0.031746613910371035], 'xyz': [-1.9600967652058683, -0.23760936587905956, 0.045999675446351855], 'label': 'F', 'properties': {}}, {'species': [{'element': 'F', 'occu': 1.0}], 'abc': [0.928234805169509, 0.908737927039987, 0.82017956711298], 'xyz': [-3.4498336369941036, -3.4587779408082167, -5.393062893127378], 'label': 'F', 'properties': {}}, {'species': [{'element': 'F', 'occu': 1.0}], 'abc': [0.8906992539916561, 0.964443703557379, 0.24636852680693988], 'xyz': [-3.7016978439134545, -3.318913398251738, -1.0727904088928868], 'label': 'F', 'properties': {}}]}",Ge1 H8 C2 N1 F3
3,4,1854,"B.Saparov et al., Chem. Rev. 116, 4558 (2016)",Ethylammonium Germanium Fluoride,Hybrid organic-inorganic perovskite ( MC_ino ),Bulk crystalline materials ( GC_cry ),CH3CH2NH3,5,15,C H N  Ge F,2 8 1  1 3,5.9494,4.6666,"0.5, 0.5, 0.5","0.0556, 0, 0.3571",2.7315,2.5727,5.3041,1.6527,-4.7509,-0.2276,0.377,117.07,2.4922,VASP,PAW,"ENCUT=400eV, k-spacing_relax=0.20/Angstrom, k-spacing_bandgap=0.15/Angstrom","C.Kim, T.D.Huan, S.Krishnan, R. Ramprasad","{'@module': 'pymatgen.core.structure', '@class': 'Structure', 'charge': None, 'lattice': {'matrix': [[0.5290067058596104, -3.2578839533782222, -1.5372743569216982], [-4.525808554511757, -0.0, 1.1833562729323768], [-0.5290067058596104, 3.2578839533782222, -6.402705701908301]], 'a': 3.6409982692899994, 'b': 4.67795629958, 'c': 7.203353125716719, 'alpha': 98.84704287024681, 'beta': 92.29647613457932, 'gamma': 104.321985077, 'volume': 117.07150495873867}, 'sites': [{'species': [{'element': 'Ge', 'occu': 1.0}], 'abc': [0.06573085051662997, 0.020428876304364962, 0.8808926655571631], 'xyz': [-0.5236832496544909, 2.655702596627219, -5.716968204566189], 'label': 'Ge', 'properties': {}}, {'species': [{'element': 'H', 'occu': 1.0}], 'abc': [0.217649977905232, 0.501180138974824, 0.610083185789563], 'xyz': [-2.4758451588964596, 1.278501850739102, -3.6476961607865253], 'label': 'H', 'properties': {}}, {'species': [{'element': 'H', 'occu': 1.0}], 'abc': [0.7712047963868469, 0.2898066909481971, 0.5042362508767149], 'xyz': [-1.170381450219649, -0.8697525404741828, -4.071085110346402], 'label': 'H', 'properties': {}}, {'species': [{'element': 'H', 'occu': 1.0}], 'abc': [0.9470615950192489, 0.604145588618124, 0.12136913272464478], 'xyz': [-2.2974504236068674, -2.6900102233349434, -1.5180648705245223], 'label': 'H', 'properties': {}}, {'species': [{'element': 'H', 'occu': 1.0}], 'abc': [0.6434046466674199, 0.810010023848108, 0.1885168236316369], 'xyz': [-3.425311586372231, -1.48197173925543, -1.237576763159251], 'label': 'H', 'properties': {}}, {'species': [{'element': 'H', 'occu': 1.0}], 'abc': [0.774728682913568, 0.81227144045377, 0.5102705989396549], 'xyz': [-3.5362849339502755, -0.861573748119762, -3.4968765067770553], 'label': 'H', 'properties': {}}, {'species': [{'element': 'H', 'occu': 1.0}], 'abc': [0.17247592156818592, 0.32252374976188514, 0.3724404847512589], 'xyz': [-1.5654633405636824, 0.6514613416384192, -2.2681091243011884], 'label': 'H', 'properties': {}}, {'species': [{'element': 'H', 'occu': 1.0}], 'abc': [0.21701136669739196, 0.893117859374044, 0.41466048424523194], 'xyz': [-4.146638156732318, 0.6439178884584739, -1.9316784346592246], 'label': 'H', 'properties': {}}, {'species': [{'element': 'H', 'occu': 1.0}], 'abc': [0.5571328476297308, 0.444406422725642, 0.20374845445487488], 'xyz': [-1.8243556759160509, -1.1512853438986637, -1.635116303089354], 'label': 'H', 'properties': {}}, {'species': [{'element': 'C', 'occu': 1.0}], 'abc': [0.9595326023874409, 0.718983438199437, 0.41747764949321486], 'xyz': [-2.9672306901298264, -1.7659521328832868, -3.2972378293822473], 'label': 'C', 'properties': {}}, {'species': [{'element': 'C', 'occu': 1.0}], 'abc': [0.03561412512789297, 0.441784042939801, 0.4790118376430289], 'xyz': [-2.2339903640670595, 1.4445382925676715, -2.598932586967665], 'label': 'C', 'properties': {}}, {'species': [{'element': 'N', 'occu': 1.0}], 'abc': [0.7633356907645918, 0.6440222889786331, 0.22256532774176185], 'xyz': [-2.6286504363865277, -1.7617670881545937, -1.8363688605436532], 'label': 'N', 'properties': {}}, {'species': [{'element': 'F', 'occu': 1.0}], 'abc': [0.16999259820104096, 0.4538586921861739, 0.940953130957631], 'xyz': [-2.461920843417038, 2.51169994835562, -5.748894708468453], 'label': 'F', 'properties': {}}, {'species': [{'element': 'F', 'occu': 1.0}], 'abc': [0.42071806151912394, 0.06149502978035992, 0.1219810059886649], 'xyz': [-0.12028082617554053, -0.9732506594921413, -1.3549970407905378], 'label': 'F', 'properties': {}}, {'species': [{'element': 'F', 'occu': 1.0}], 'abc': [0.47467623669564396, 0.08614571690663608, 0.717832967205013], 'xyz': [-0.518510563524956, 0.7921764104823862, -5.2238397641658745], 'label': 'F', 'properties': {}}]}",Ge1 H8 C2 N1 F3
4,5,1855,"B.Saparov et al., Chem. Rev. 116, 4558 (2016)",Ethylammonium Germanium Fluoride,Hybrid organic-inorganic perovskite ( MC_ino ),Bulk crystalline materials ( GC_cry ),CH3CH2NH3,5,15,C H N  Ge F,2 8 1  1 3,5.9595,4.6595,"0.0263, 0.5, 0.0263","-0.4167, 0.0909, 0.15",2.7502,2.2136,4.9637,1.6584,-4.7332,-0.2099,0.3947,116.03,2.5145,VASP,PAW,"ENCUT=400eV, k-spacing_relax=0.20/Angstrom, k-spacing_bandgap=0.15/Angstrom","C.Kim, T.D.Huan, S.Krishnan, R. Ramprasad","{'@module': 'pymatgen.core.structure', '@class': 'Structure', 'charge': None, 'lattice': {'matrix': [[0.5984879946755749, -3.3914071182545653, 1.6734556204569164], [-0.5984879946755749, 3.3914071182545653, 3.487998377553083], [-6.628748033139394, -0.0, -1.8828107730963677]], 'a': 3.82887500908, 'b': 4.901628586840446, 'c': 6.890956166899999, 'alpha': 94.41477311904661, 'beta': 105.65114519, 'gamma': 108.71819103276823, 'volume': 116.03352866000736}, 'sites': [{'species': [{'element': 'Ge', 'occu': 1.0}], 'abc': [0.224526835503458, 0.9328645326159689, 0.971973620485731], 'xyz': [-6.866899832956147, 2.4022615081154157, 1.7995232672419674], 'label': 'Ge', 'properties': {}}, {'species': [{'element': 'H', 'occu': 1.0}], 'abc': [0.0018664599518458803, 0.8104714700745899, 0.270152694854091], 'xyz': [-2.2747145356543466, 2.7423087871865786, 2.321400206317708], 'label': 'H', 'properties': {}}, {'species': [{'element': 'H', 'occu': 1.0}], 'abc': [0.5512368865956312, 0.5243289611852561, 0.17558692797704412], 'xyz': [-1.1478174331530844, -0.09125572977420914, 2.4207320723848227], 'label': 'H', 'properties': {}}, {'species': [{'element': 'H', 'occu': 1.0}], 'abc': [0.4762709997329121, 0.1447623075265431, 0.46685516338854205], 'xyz': [-2.8962612736566564, -1.1242809385119414, 0.4229491440434871], 'label': 'H', 'properties': {}}, {'species': [{'element': 'H', 'occu': 1.0}], 'abc': [0.7151892591787801, 0.417749227792483, 0.6660324707512599], 'xyz': [-4.23694714257876, -1.0087402396973488, 1.3999330030649186], 'label': 'H', 'properties': {}}, {'species': [{'element': 'H', 'occu': 1.0}], 'abc': [0.010621614232544978, 0.29591616973200396, 0.319999035474984], 'xyz': [-2.291938343424034, 0.9675499863201373, 0.4474322885799835], 'label': 'H', 'properties': {}}, {'species': [{'element': 'H', 'occu': 1.0}], 'abc': [0.676294927595026, 0.7567384218437329, 0.412713329589084], 'xyz': [-2.783917137321656, 0.2728166390123348, 2.994190832142621], 'label': 'H', 'properties': {}}, {'species': [{'element': 'H', 'occu': 1.0}], 'abc': [0.25476390656537, 0.5817005322045089, 0.5395473204253889], 'xyz': [-3.7721908845201946, 1.1087751994107036, 1.4394410963902713], 'label': 'H', 'properties': {}}, {'species': [{'element': 'H', 'occu': 1.0}], 'abc': [0.893443656986777, 0.15751380006813703, 0.6290642926465189], 'xyz': [-3.7294635083097165, -2.4958377552899393, 0.860137161260874], 'label': 'H', 'properties': {}}, {'species': [{'element': 'C', 'occu': 1.0}], 'abc': [0.977339743041983, 0.45171628016055004, 0.42844029602712896], 'xyz': [-2.5254434373531507, -1.782603153537706, 2.4044483334153623], 'label': 'C', 'properties': {}}, {'species': [{'element': 'C', 'occu': 1.0}], 'abc': [0.7847526233673691, 0.644403511841782, 0.3144459783412189], 'xyz': [-2.0003859021465002, -0.4759809758685799, 2.968884816458404], 'label': 'C', 'properties': {}}, {'species': [{'element': 'N', 'occu': 1.0}], 'abc': [0.7473891499275641, 0.2822410835003091, 0.552704502272797], 'xyz': [-3.3853533488448218, -1.5775064635237401, 1.1945410237246132], 'label': 'N', 'properties': {}}, {'species': [{'element': 'F', 'occu': 1.0}], 'abc': [0.22437460801022285, 0.9974167371901669, 0.702247367505964], 'xyz': [-5.117677289825117, 2.6217005796115274, 2.532270001007324], 'label': 'F', 'properties': {}}, {'species': [{'element': 'F', 'occu': 1.0}], 'abc': [0.005897602926065971, 0.234884655327062, 0.994912565829274], 'xyz': [-6.732070715684611, 0.776588319500869, -1.0440854237755506], 'label': 'F', 'properties': {}}, {'species': [{'element': 'F', 'occu': 1.0}], 'abc': [0.6913717263844339, 0.65471230893694, 0.842914434431015], 'xyz': [-5.56552717810527, -0.12432700928249653, 1.8535669947339648], 'label': 'F', 'properties': {}}]}",Ge1 H8 C2 N1 F3
5,6,1856,"B.Saparov et al., Chem. Rev. 116, 4558 (2016)",Ethylammonium Germanium Fluoride,Hybrid organic-inorganic perovskite ( MC_ino ),Bulk crystalline materials ( GC_cry ),CH3CH2NH3,5,15,C H N  Ge F,2 8 1  1 3,5.9412,4.664,"0.5, 0.5, 0","0.0556, 0, 0.1",2.7323,3.1944,5.9267,1.653,-4.743,-0.2197,0.3849,117.1,2.4915,VASP,PAW,"ENCUT=400eV, k-spacing_relax=0.20/Angstrom, k-spacing_bandgap=0.15/Angstrom","C.Kim, T.D.Huan, S.Krishnan, R. Ramprasad","{'@module': 'pymatgen.core.structure', '@class': 'Structure', 'charge': None, 'lattice': {'matrix': [[-1.0697869444513384, 3.2414859582280067, -1.080556001940956], [4.690528308026144, 0.0, 0.971715020429282], [1.0697869444513384, -3.2414859582280067, -6.621500962889044]], 'a': 3.5804017368499994, 'b': 4.79012378643, 'c': 7.449560411557745, 'alpha': 92.27472397100179, 'beta': 99.7060004558899, 'gamma': 110.71987297099999, 'volume': 117.104243355574}, 'sites': [{'species': [{'element': 'Ge', 'occu': 1.0}], 'abc': [0.2935011375776252, 0.052413785882751016, 0.04747436098563196], 'xyz': [-0.017347887169695778, 0.797492341671045, -0.5805646797450718], 'label': 'Ge', 'properties': {}}, {'species': [{'element': 'H', 'occu': 1.0}], 'abc': [0.43110317898672995, 0.863051817660618, 0.505132970893715], 'xyz': [4.1273650869130885, -0.23996653095703338, -2.9719291660400584], 'label': 'H', 'properties': {}}, {'species': [{'element': 'H', 'occu': 1.0}], 'abc': [0.825405028610115, 0.8413487440223579, 0.399185584278151], 'xyz': [3.4904061037414724, 1.3815843439258049, -2.7175528763802723], 'label': 'H', 'properties': {}}, {'species': [{'element': 'H', 'occu': 1.0}], 'abc': [0.838190216024163, 0.353812069370806, 0.763817538061661], 'xyz': [1.5800026071969069, 0.24107799129126375, -5.619525530223144], 'label': 'H', 'properties': {}}, {'species': [{'element': 'H', 'occu': 1.0}], 'abc': [0.668045936042881, 0.621790392746523, 0.796178768564379], 'xyz': [3.0536002702233285, -0.4153407774064165, -5.389556464253829], 'label': 'H', 'properties': {}}, {'species': [{'element': 'H', 'occu': 1.0}], 'abc': [0.227713882878145, 0.299812946324213, 0.541099243333552], 'xyz': [1.741536679043815, -1.015834245430424, -3.5376140203585114], 'label': 'H', 'properties': {}}, {'species': [{'element': 'H', 'occu': 1.0}], 'abc': [0.3163679975399931, 0.641079505562189, 0.29234765659072803], 'xyz': [2.981304921386057, 0.07786159789889188, -1.6546870433335858], 'label': 'H', 'properties': {}}, {'species': [{'element': 'H', 'occu': 1.0}], 'abc': [0.642429705348941, 0.308125170939643, 0.44149928290902996], 'xyz': [1.2303170940384809, 0.6513131429197931, -3.318159344062531], 'label': 'H', 'properties': {}}, {'species': [{'element': 'H', 'occu': 1.0}], 'abc': [0.078310430632537, 0.6993506253672439, 0.704898315738693], 'xyz': [3.950639444558785, -2.031075831167388, -4.072534175021227], 'label': 'H', 'properties': {}}, {'species': [{'element': 'C', 'occu': 1.0}], 'abc': [0.5265880675123881, 0.442622046103812, 0.5202124788592151], 'xyz': [2.0693107155020263, 0.020666381094698105, -3.583492836001973], 'label': 'C', 'properties': {}}, {'species': [{'element': 'C', 'occu': 1.0}], 'abc': [0.523789051836868, 0.714487782904428, 0.42405025622954995], 'xyz': [3.244625910056048, 0.3233019054516947, -2.6795540730891525], 'label': 'C', 'properties': {}}, {'species': [{'element': 'N', 'occu': 1.0}], 'abc': [0.799312132316588, 0.535967897350424, 0.705849127764428], 'xyz': [2.4139870926563174, 0.3029590168696269, -5.016674144822158], 'label': 'N', 'properties': {}}, {'species': [{'element': 'F', 'occu': 1.0}], 'abc': [0.36688492150749497, 0.44821777065796503, 0.97864372458725], 'xyz': [2.756829722119454, -1.9830075700053982, -6.440990128464685], 'label': 'F', 'properties': {}}, {'species': [{'element': 'F', 'occu': 1.0}], 'abc': [0.5446265317470249, 0.9926864301910149, 0.818598625264753], 'xyz': [4.94931557059364, -0.8880766940840461, -5.0442427383128114], 'label': 'F', 'properties': {}}, {'species': [{'element': 'F', 'occu': 1.0}], 'abc': [0.825011781438584, 0.215523014916007, 0.20614206593932305], 'xyz': [0.3488580605372482, 2.0060574927634156, -2.0470143693725382], 'label': 'F', 'properties': {}}]}",Ge1 H8 C2 N1 F3
6,7,1857,"B.Saparov et al., Chem. Rev. 116, 4558 (2016)",Ethylammonium Germanium Fluoride,Hybrid organic-inorganic perovskite ( MC_ino ),Bulk crystalline materials ( GC_cry ),CH3CH2NH3,5,15,C H N  Ge F,2 8 1  1 3,5.9521,4.6879,"-0.3333, 0.375, 0","0.0556, 0, 0.5",2.765,3.0257,5.7907,1.6628,-4.7391,-0.2159,0.3887,115.37,2.5289,VASP,PAW,"ENCUT=400eV, k-spacing_relax=0.20/Angstrom, k-spacing_bandgap=0.15/Angstrom","C.Kim, T.D.Huan, S.Krishnan, R. Ramprasad","{'@module': 'pymatgen.core.structure', '@class': 'Structure', 'charge': None, 'lattice': {'matrix': [[1.3171850657013684, 3.3858291745964735, -0.12782040851934387], [-4.639703452426971, -0.0, -0.6674288715377144], [-0.0, -0.0, 7.34397904481]], 'a': 3.63526529344, 'b': 4.68746300519, 'c': 7.34397904481, 'alpha': 98.1859344838, 'beta': 92.0150055716, 'gamma': 110.70993923, 'volume': 115.36835368362613}, 'sites': [{'species': [{'element': 'Ge', 'occu': 1.0}], 'abc': [0.4583387818737791, 0.930510647717505, 0.9577046474182969], 'xyz': [-3.7135764662190667, 1.5518568195172504, 6.353728139857835], 'label': 'Ge', 'properties': {}}, {'species': [{'element': 'H', 'occu': 1.0}], 'abc': [0.400241070009356, 0.15830220612936696, 0.553719936840006], 'xyz': [-0.20728373220857038, 1.355147891709387, 3.9096931729728515], 'label': 'H', 'properties': {}}, {'species': [{'element': 'H', 'occu': 1.0}], 'abc': [0.831346311494853, 0.24113736363841398, 0.43750902725064295], 'xyz': [-0.023768912655349146, 2.814796595652441, 2.9458520643888413], 'label': 'H', 'properties': {}}, {'species': [{'element': 'H', 'occu': 1.0}], 'abc': [0.226875474263894, 0.3633595242006229, 0.26998556951413], 'xyz': [-1.3870434524315354, 0.7681615997631037, 1.711252411909731], 'label': 'H', 'properties': {}}, {'species': [{'element': 'H', 'occu': 1.0}], 'abc': [0.642218199358868, 0.5881136890531701, 0.21307617419774597], 'xyz': [-1.8827528924024304, 2.1744411158460695, 1.0902143098352841], 'label': 'H', 'properties': {}}, {'species': [{'element': 'H', 'occu': 1.0}], 'abc': [0.445161740890747, 0.693466262940991, 0.597837629336172], 'xyz': [-2.6311174173860317, 1.5072416097220471, 3.8707668611417163], 'label': 'H', 'properties': {}}, {'species': [{'element': 'H', 'occu': 1.0}], 'abc': [0.855437120841306, 0.38176507961890116, 0.676940337235572], 'xyz': [-0.6445077577051284, 2.8963639607773026, 4.607292292713559], 'label': 'H', 'properties': {}}, {'species': [{'element': 'H', 'occu': 1.0}], 'abc': [0.907399806859454, 0.818540370118346, 0.51268948147918], 'xyz': [-2.602571106973362, 3.0723007390879444, 3.102879118938303], 'label': 'H', 'properties': {}}, {'species': [{'element': 'H', 'occu': 1.0}], 'abc': [0.323846333278779, 0.747306431217803, 0.29248263207571495], 'xyz': [-3.040714675165164, 1.0964883633013827, 1.607818262237164], 'label': 'H', 'properties': {}}, {'species': [{'element': 'C', 'occu': 1.0}], 'abc': [0.6307451768816991, 0.625044842322263, 0.501708451069971], 'xyz': [-2.0692145855925337, 2.1355954216220696, 3.186741271309709], 'label': 'C', 'properties': {}}, {'species': [{'element': 'C', 'occu': 1.0}], 'abc': [0.684565193499164, 0.3344658879555611, 0.54389520279858], 'xyz': [-0.6501234856904031, 2.3178208040627495, 3.6836213790682297], 'label': 'C', 'properties': {}}, {'species': [{'element': 'N', 'occu': 1.0}], 'abc': [0.440631749998393, 0.580534731652949, 0.309980627637329], 'xyz': [-2.1131154381322106, 1.4919038343980586, 1.83270386253863], 'label': 'N', 'properties': {}}, {'species': [{'element': 'F', 'occu': 1.0}], 'abc': [0.7743946190119211, 0.36193146584647706, 0.029723428898057003], 'xyz': [-0.6592336445078507, 2.6219678937010835, -0.12225870741395975], 'label': 'F', 'properties': {}}, {'species': [{'element': 'F', 'occu': 1.0}], 'abc': [0.132467283314095, 0.976571129586665, 0.187543735443821], 'xyz': [-4.356516514208399, 0.4485115925243994, 0.7085934738198179], 'label': 'F', 'properties': {}}, {'species': [{'element': 'F', 'occu': 1.0}], 'abc': [0.106851138423829, 0.03601036800091606, 0.802843118804799], 'xyz': [-0.026334704951958776, 0.36177970181424646, 5.858370925329749], 'label': 'F', 'properties': {}}]}",Ge1 H8 C2 N1 F3
1342,1343,3193,"B.Saparov et al., Chem. Rev. 116, 4558 (2016)",Imidazolium Lead Iodide,Hybrid organic-inorganic perovskite ( MC_ino ),Bulk crystalline materials ( GC_cry ),C3H5N2,5,14,C H N  Pb I,3 5 2  1 3,2.3885,1.5521,"0.5, 0.5, 0","0.5, 0.5, 0.5",5.2533,67.4351,72.6884,2.292,-4.7814,0.4135,0.5741,285.83,3.817,VASP,PAW,"ENCUT=400eV, k-spacing_relax=0.20/Angstrom, k-spacing_bandgap=0.15/Angstrom","C.Kim, T.D.Huan, S.Krishnan, R. Ramprasad","{'@module': 'pymatgen.core.structure', '@class': 'Structure', 'charge': None, 'lattice': {'matrix': [[-0.0, -0.0, 6.57635170598], [0.7013390495192362, -6.52088974630453, -0.7812868973749301], [6.665213963175242, -0.0, 0.5655235594915803]], 'a': 6.57635170598, 'b': 6.60486856507, 'c': 6.68916243421, 'alpha': 84.50237926789998, 'beta': 85.15023928240001, 'gamma': 96.79339762840002, 'volume': 285.8287988017719}, 'sites': [{'species': [{'element': 'H', 'occu': 1.0}], 'abc': [0.83177364411317, 0.6762971612213919, 0.604513458163929], 'xyz': [4.503525150525141, -4.410059224063436, 5.283520515280141], 'label': 'H', 'properties': {}}, {'species': [{'element': 'H', 'occu': 1.0}], 'abc': [0.594245941280121, 0.952603523948504, 0.636620984266251], 'xyz': [4.911313123636502, -6.2118225516093615, 3.5237378231243466], 'label': 'H', 'properties': {}}, {'species': [{'element': 'H', 'occu': 1.0}], 'abc': [0.47708906547742896, 0.675097690255988, 0.103670411514145], 'xyz': [1.164457846808969, -4.402237606144143, 2.6686885699452474], 'label': 'H', 'properties': {}}, {'species': [{'element': 'H', 'occu': 1.0}], 'abc': [0.779420974642711, 0.487117092940906, 0.29150325233266], 'xyz': [2.28456578672639, -3.1764368566080243, 4.910020210928629], 'label': 'H', 'properties': {}}, {'species': [{'element': 'H', 'occu': 1.0}], 'abc': [0.383122494070776, 0.9468377969245549, 0.334815601059539], 'xyz': [2.8956719398149056, -6.174224881378901, 1.9691424132896636], 'label': 'H', 'properties': {}}, {'species': [{'element': 'Pb', 'occu': 1.0}], 'abc': [0.10640772706500501, 0.22785390462283295, 0.9079476415431169], 'xyz': [6.211468139142637, -1.4858101903104817, 1.0352211492933123], 'label': 'Pb', 'properties': {}}, {'species': [{'element': 'C', 'occu': 1.0}], 'abc': [0.6956181243104499, 0.609900467708954, 0.33143017054766905], 'xyz': [2.636800014876211, -3.977093706149655, 4.2855537641668064], 'label': 'C', 'properties': {}}, {'species': [{'element': 'C', 'occu': 1.0}], 'abc': [0.602751743365189, 0.851988077092884, 0.519221463098624], 'xyz': [4.058254654015273, -5.555720315888701, 3.5918923043857074], 'label': 'C', 'properties': {}}, {'species': [{'element': 'C', 'occu': 1.0}], 'abc': [0.547304569306469, 0.7017767912836921, 0.239773350463771], 'xyz': [2.0903241512820014, -4.576209082476321, 3.1865758047629704], 'label': 'C', 'properties': {}}, {'species': [{'element': 'I', 'occu': 1.0}], 'abc': [0.10489758733368099, 0.21771185864624698, 0.3912775548573181], 'xyz': [2.7606384501240884, -1.4196750266952132, 0.7410246804236558], 'label': 'I', 'properties': {}}, {'species': [{'element': 'I', 'occu': 1.0}], 'abc': [0.6012488278178909, 0.25635746237399104, 0.9009979984691091], 'xyz': [6.18513793918779, -1.6716787477832074, 4.263270623330617], 'label': 'I', 'properties': {}}, {'species': [{'element': 'I', 'occu': 1.0}], 'abc': [0.11616768261183802, 0.725381134113256, 0.868480184302683], 'xyz': [6.297344366293427, -4.730130399601882, 0.6883747672132072], 'label': 'I', 'properties': {}}, {'species': [{'element': 'N', 'occu': 1.0}], 'abc': [0.7270972261645599, 0.705998042796807, 0.504230436342773], 'xyz': [3.8559477412673493, -4.6037353981847655, 4.515214254455696], 'label': 'N', 'properties': {}}, {'species': [{'element': 'N', 'occu': 1.0}], 'abc': [0.49209439244060593, 0.851218996070003, 0.35951749303843206], 'xyz': [2.9932541362419696, -5.550705223332518, 2.7744551611664185], 'label': 'N', 'properties': {}}]}",H5 Pb1 C3 I3 N2
1343,1344,3194,"B.Saparov et al., Chem. Rev. 116, 4558 (2016)",Imidazolium Lead Iodide,Hybrid organic-inorganic perovskite ( MC_ino ),Bulk crystalline materials ( GC_cry ),C3H5N2,5,14,C H N  Pb I,3 5 2  1 3,2.5079,1.6908,"0.4474, 0.5, 0","0.4737, 0.4737, 0.4737",5.1675,23.3872,28.5547,2.2732,-4.7815,0.4134,0.574,285.67,3.8191,VASP,PAW,"ENCUT=400eV, k-spacing_relax=0.20/Angstrom, k-spacing_bandgap=0.15/Angstrom","C.Kim, T.D.Huan, S.Krishnan, R. Ramprasad","{'@module': 'pymatgen.core.structure', '@class': 'Structure', 'charge': None, 'lattice': {'matrix': [[0.7761782231836626, -6.487488864217234, 0.6445630302314176], [-6.5459463342914015, -0.0, 0.6186676071278385], [-0.0, -0.0, -6.72686035599]], 'a': 6.565472252430001, 'b': 6.575116958620001, 'c': 6.72686035599, 'alpha': 95.39907604940001, 'beta': 95.6340691636, 'gamma': 96.22650663430001, 'volume': 285.6679235903327}, 'sites': [{'species': [{'element': 'H', 'occu': 1.0}], 'abc': [0.556839659384543, 0.794006928181517, 0.367273314078126], 'xyz': [-4.765319923512487, -3.6124910894117406, -1.620451671778294], 'label': 'H', 'properties': {}}, {'species': [{'element': 'H', 'occu': 1.0}], 'abc': [0.844528359221961, 0.57380099155224, 0.30130979998684604], 'xyz': [-3.100565975975041, -5.478868325968124, -1.1275251036551113], 'label': 'H', 'properties': {}}, {'species': [{'element': 'H', 'occu': 1.0}], 'abc': [0.606089644236995, 0.40700010194412783, 0.835653604861584], 'xyz': [-2.1937672422235015, -3.93199981770489, -4.978864349031683], 'label': 'H', 'properties': {}}, {'species': [{'element': 'H', 'occu': 1.0}], 'abc': [0.389303746159541, 0.7108051794641881, 0.684208759720107], 'xyz': [-4.350723468936088, -2.525603718008075, -3.911893839164056], 'label': 'H', 'properties': {}}, {'species': [{'element': 'H', 'occu': 1.0}], 'abc': [0.869338232968481, 0.34310695726279805, 0.5849624832268461], 'xyz': [-1.571198324153189, -5.639822105621308, -3.1623484921832574], 'label': 'H', 'properties': {}}, {'species': [{'element': 'Pb', 'occu': 1.0}], 'abc': [0.12753360645787393, 0.05789094432260111, 0.029232069994762022], 'xyz': [-0.2799622067205213, -0.8273728517089202, -0.0786213529380266], 'label': 'Pb', 'properties': {}}, {'species': [{'element': 'C', 'occu': 1.0}], 'abc': [0.514865698276914, 0.637150263175869, 0.6312589616386011], 'xyz': [-3.7711238867620906, -3.3401854841389094, -3.520343260066648], 'label': 'C', 'properties': {}}, {'species': [{'element': 'C', 'occu': 1.0}], 'abc': [0.751283385613156, 0.5704402818765151, 0.42451240432161796], 'xyz': [-3.150941668729102, -4.873942598036772, -2.0184732434658823], 'label': 'C', 'properties': {}}, {'species': [{'element': 'C', 'occu': 1.0}], 'abc': [0.620920385365245, 0.48799814220889504, 0.705131726162286], 'xyz': [-2.7124647686820196, -4.0282140856225, -4.041191686425189], 'label': 'C', 'properties': {}}, {'species': [{'element': 'I', 'occu': 1.0}], 'abc': [0.131869212436996, 0.052170826807177995, 0.5526048949449349], 'xyz': [-0.2391534214934219, -0.8555000472181084, -3.600021540585803], 'label': 'I', 'properties': {}}, {'species': [{'element': 'I', 'occu': 1.0}], 'abc': [0.16169157033522186, 0.547030839826597, 0.051275333234748977], 'xyz': [-3.4553330449406903, -1.0489722619875494, 0.09772866286179024], 'label': 'I', 'properties': {}}, {'species': [{'element': 'I', 'occu': 1.0}], 'abc': [0.6268746472508939, 0.06412242887476804, 0.089151448848661], 'xyz': [0.06682447162343508, -4.066842293300281, -0.1559786550966631], 'label': 'I', 'properties': {}}, {'species': [{'element': 'N', 'occu': 1.0}], 'abc': [0.598986405018643, 0.6856584319657841, 0.457572809781297], 'xyz': [-4.023363095743875, -3.88591763237596, -2.267749240399223], 'label': 'N', 'properties': {}}, {'species': [{'element': 'N', 'occu': 1.0}], 'abc': [0.766815447273615, 0.44939768253694, 0.574002389199741], 'xyz': [-2.3465476612671137, -4.974706675097334, -3.0889452389244147], 'label': 'N', 'properties': {}}]}",H5 Pb1 C3 I3 N2
1344,1345,3195,"B.Saparov et al., Chem. Rev. 116, 4558 (2016)",Imidazolium Lead Iodide,Hybrid organic-inorganic perovskite ( MC_ino ),Bulk crystalline materials ( GC_cry ),C3H5N2,5,14,C H N  Pb I,3 5 2  1 3,3.0972,2.2322,"0.0833, 0, 0.375","0.5, 0.0556, 0",4.5228,7.4822,12.005,2.1267,-4.784,0.4109,0.5715,280.69,3.8868,VASP,PAW,"ENCUT=400eV, k-spacing_relax=0.20/Angstrom, k-spacing_bandgap=0.15/Angstrom","C.Kim, T.D.Huan, S.Krishnan, R. Ramprasad","{'@module': 'pymatgen.core.structure', '@class': 'Structure', 'charge': None, 'lattice': {'matrix': [[-0.7691889577971325, -4.426695109290069, -0.20980002308426826], [6.5317405470560495, 0.0, -0.014105326506823444], [0.0, 0.0, 9.70782816101]], 'a': 4.497921441410001, 'b': 6.5317557773, 'c': 9.70782816101, 'alpha': 90.1237303312, 'beta': 92.6734613014, 'gamma': 99.84065950560002, 'volume': 280.6923758024138}, 'sites': [{'species': [{'element': 'H', 'occu': 1.0}], 'abc': [0.48700205491889204, 0.537989430366732, 0.312872575200269], 'xyz': [3.139410773145846, -2.155809614723673, 2.9275516374002777], 'label': 'H', 'properties': {}}, {'species': [{'element': 'H', 'occu': 1.0}], 'abc': [0.743487833710524, 0.237312801670992, 0.656500070267298], 'xyz': [0.9781830170632434, -3.2911939573030446, 6.213858730618759], 'label': 'H', 'properties': {}}, {'species': [{'element': 'H', 'occu': 1.0}], 'abc': [0.43260325607595296, 0.49905335186853095, 0.74828805172011], 'xyz': [2.926933365863205, -1.9150027179343803, 7.166452337452296], 'label': 'H', 'properties': {}}, {'species': [{'element': 'H', 'occu': 1.0}], 'abc': [0.264835750016972, 0.7087346191583749, 0.515229840567718], 'xyz': [4.425561914516107, -1.1723471193652975, 4.936203275978967], 'label': 'H', 'properties': {}}, {'species': [{'element': 'H', 'occu': 1.0}], 'abc': [0.783981341479447, 0.257896027289512, 0.395067175635023], 'xyz': [1.0814801473866054, -3.4704463701017354, 3.667127241910605], 'label': 'H', 'properties': {}}, {'species': [{'element': 'Pb', 'occu': 1.0}], 'abc': [0.575967763556436, 0.9697922884270631, 0.025016360419569], 'xyz': [5.891403568766603, -2.549633682044014, 0.10833724120506999], 'label': 'Pb', 'properties': {}}, {'species': [{'element': 'C', 'occu': 1.0}], 'abc': [0.476121805390018, 0.48236379407318297, 0.641034807923947], 'xyz': [2.7844475169071665, -2.1076460673463506, 6.116361495979507], 'label': 'C', 'properties': {}}, {'species': [{'element': 'C', 'occu': 1.0}], 'abc': [0.39300311779990005, 0.5845113953807559, 0.526713826023381], 'xyz': [3.515583122833265, -1.7397049795005664, 5.022550525797687], 'label': 'C', 'properties': {}}, {'species': [{'element': 'C', 'occu': 1.0}], 'abc': [0.667375255928683, 0.351593235223417, 0.458362178402655], 'xyz': [1.7831781130120299, -2.954266781480709, 4.304726581959059], 'label': 'C', 'properties': {}}, {'species': [{'element': 'I', 'occu': 1.0}], 'abc': [0.03551698395995606, 0.9497466798924111, 0.769235436260637], 'xyz': [6.176179626608868, -0.15722285919227133, 7.4467574795044875], 'label': 'I', 'properties': {}}, {'species': [{'element': 'I', 'occu': 1.0}], 'abc': [0.42425985051192106, 0.4765501944720709, 0.041526169682724], 'xyz': [2.7863662356902394, -1.8780690053292568, 0.30739729694377965], 'label': 'I', 'properties': {}}, {'species': [{'element': 'I', 'occu': 1.0}], 'abc': [0.08264947220447716, 0.953627791512362, 0.278840682085254], 'xyz': [6.1652762512333625, -0.36586401439296456, 2.6761463334408004], 'label': 'I', 'properties': {}}, {'species': [{'element': 'N', 'occu': 1.0}], 'abc': [0.646801114819922, 0.339007890415209, 0.595929655091712], 'xyz': [1.7167993081865953, -2.863191331656713, 5.644701981877452], 'label': 'N', 'properties': {}}, {'species': [{'element': 'N', 'occu': 1.0}], 'abc': [0.51500439962693, 0.500750500249518, 0.41483317071965997], 'xyz': [2.8746366490284005, -2.2797674570913995, 3.9120179525986796], 'label': 'N', 'properties': {}}]}",H5 Pb1 C3 I3 N2
1345,1346,3196,"B.Saparov et al., Chem. Rev. 116, 4558 (2016)",Imidazolium Lead Iodide,Hybrid organic-inorganic perovskite ( MC_ino ),Bulk crystalline materials ( GC_cry ),C3H5N2,5,14,C H N  Pb I,3 5 2  1 3,3.1504,2.302,"0.0833, 0, 0.4","0.5, -0.0556, 0.1",4.5367,6.409,10.9458,2.13,-4.7856,0.4093,0.5699,275.92,3.954,VASP,PAW,"ENCUT=400eV, k-spacing_relax=0.20/Angstrom, k-spacing_bandgap=0.15/Angstrom","C.Kim, T.D.Huan, S.Krishnan, R. Ramprasad","{'@module': 'pymatgen.core.structure', '@class': 'Structure', 'charge': None, 'lattice': {'matrix': [[-0.560722888730696, -4.185206213850103, 1.8047335286477781], [6.596142687565049, 0.0, -0.8797722343942486], [0.560722888730696, 4.185206213850103, 8.190042696402221]], 'a': 4.5921045632499995, 'b': 6.654554646189999, 'c': 9.214508157209877, 'alpha': 93.27849884523815, 'beta': 94.13281881498374, 'gamma': 99.96182992520002, 'volume': 275.9179649676642}, 'sites': [{'species': [{'element': 'H', 'occu': 1.0}], 'abc': [0.10848888107611294, 0.569376200277652, 0.279450112045126], 'xyz': [3.8515485352249077, 0.715508006178976, 1.9835804983983318], 'label': 'H', 'properties': {}}, {'species': [{'element': 'H', 'occu': 1.0}], 'abc': [0.23510911736349208, 0.282675705963022, 0.652929010921738], 'xyz': [2.098850468525407, 1.7486624147901597, 5.523135546721327], 'label': 'H', 'properties': {}}, {'species': [{'element': 'H', 'occu': 1.0}], 'abc': [0.886107888993862, 0.530282450366705, 0.717957082289217], 'xyz': [3.4035327012525913, -0.7037458010841876, 7.012759999180402], 'label': 'H', 'properties': {}}, {'species': [{'element': 'H', 'occu': 1.0}], 'abc': [0.8065936947504829, 0.732786833482784, 0.464902062867083], 'xyz': [4.641972194336647, -1.4300499409789873, 4.618568919611133], 'label': 'H', 'properties': {}}, {'species': [{'element': 'H', 'occu': 1.0}], 'abc': [0.371280731204422, 0.301496058037884, 0.389800241498442], 'xyz': [1.9990953318662166, 0.07750796955999338, 3.5972955444445733], 'label': 'H', 'properties': {}}, {'species': [{'element': 'Pb', 'occu': 1.0}], 'abc': [0.106197415625097, 0.9885116220477239, 0.989881164055738], 'xyz': [7.0158654114875585, 3.6983987150102697, 7.429161956161573], 'label': 'Pb', 'properties': {}}, {'species': [{'element': 'C', 'occu': 1.0}], 'abc': [0.969824059041166, 0.51505899748188, 0.612537079620182], 'xyz': [3.1970636526978886, -1.495319686400436, 6.313844226400197], 'label': 'C', 'properties': {}}, {'species': [{'element': 'C', 'occu': 1.0}], 'abc': [0.930160924205281, 0.6135129192458559, 0.488467548387454], 'xyz': [3.799151170388454, -1.848577861089198, 5.139511052256776], 'label': 'C', 'properties': {}}, {'species': [{'element': 'C', 'occu': 1.0}], 'abc': [0.232565535345173, 0.39179103055271, 0.444401228146695], 'xyz': [2.7030906628377704, 0.8865760578281715, 3.7146969817353876], 'label': 'C', 'properties': {}}, {'species': [{'element': 'I', 'occu': 1.0}], 'abc': [0.567352741374883, 0.9835924030938661, 0.725474486057237], 'xyz': [6.576578318661566, 0.6617721083894074, 6.100250244685613], 'label': 'I', 'properties': {}}, {'species': [{'element': 'I', 'occu': 1.0}], 'abc': [0.27104632599285605, 0.46973882583888793, 0.006233241106514009], 'xyz': [2.949977563191416, -1.1082973683751334, 0.12695372674541303], 'label': 'I', 'properties': {}}, {'species': [{'element': 'I', 'occu': 1.0}], 'abc': [0.6519329357500899, 0.005124987301911995, 0.251443427895005], 'xyz': [-0.1907584862354674, -1.6761311768568712, 3.2313888162379443], 'label': 'I', 'properties': {}}, {'species': [{'element': 'N', 'occu': 1.0}], 'abc': [0.15966686188242898, 0.37924325525040803, 0.582541407479106], 'xyz': [2.7386580617059937, 1.7698171759102512, 4.725547452678716], 'label': 'N', 'properties': {}}, {'species': [{'element': 'N', 'occu': 1.0}], 'abc': [0.09635288739464495, 0.534738711058736, 0.385941907630475], 'xyz': [3.6895920306793677, 1.211989766953759, 2.8643237176424075], 'label': 'N', 'properties': {}}]}",H5 Pb1 C3 I3 N2
